[
	{
		"id": 9984,
		"action": {
			"type": "block"
		},
		"condition": {
			"urlFilter": "-reclameplaatjes/",
			"isUrlFilterCaseSensitive": false
		}
	},
	{
		"id": 10003,
		"action": {
			"type": "block"
		},
		"condition": {
			"urlFilter": "/adbron.",
			"isUrlFilterCaseSensitive": false
		}
	},
	{
		"id": 10013,
		"action": {
			"type": "block"
		},
		"condition": {
			"urlFilter": "/adtwee/*",
			"isUrlFilterCaseSensitive": false
		}
	},
	{
		"id": 10024,
		"action": {
			"type": "block"
		},
		"condition": {
			"urlFilter": "/adv_tekstlinks.",
			"isUrlFilterCaseSensitive": false
		}
	},
	{
		"id": 10042,
		"action": {
			"type": "block"
		},
		"condition": {
			"urlFilter": "/adverteerders/*",
			"isUrlFilterCaseSensitive": false
		}
	},
	{
		"id": 10060,
		"action": {
			"type": "block"
		},
		"condition": {
			"urlFilter": "/advertentie-banner-",
			"isUrlFilterCaseSensitive": false
		}
	},
	{
		"id": 10082,
		"action": {
			"type": "block"
		},
		"condition": {
			"urlFilter": "/advertentie.",
			"excludedInitiatorDomains": [
				"anzeigen-aufgabe-alpha.de",
				"anzeigen-aufgabe-beta.de",
				"anzeigen-aufgabe-test.de",
				"rd.nl"
			],
			"isUrlFilterCaseSensitive": false
		}
	},
	{
		"id": 10190,
		"action": {
			"type": "block"
		},
		"condition": {
			"urlFilter": "/advertentie/*",
			"excludedInitiatorDomains": [
				"anzeigen-aufgabe-alpha.de",
				"anzeigen-aufgabe-beta.de",
				"anzeigen-aufgabe-test.de",
				"rd.nl"
			],
			"isUrlFilterCaseSensitive": false
		}
	},
	{
		"id": 10299,
		"action": {
			"type": "block"
		},
		"condition": {
			"urlFilter": "/advertentie1.",
			"isUrlFilterCaseSensitive": false
		}
	},
	{
		"id": 10315,
		"action": {
			"type": "block"
		},
		"condition": {
			"urlFilter": "/advertentie2/*",
			"isUrlFilterCaseSensitive": false
		}
	},
	{
		"id": 10332,
		"action": {
			"type": "block"
		},
		"condition": {
			"urlFilter": "/advertentie_head.",
			"isUrlFilterCaseSensitive": false
		}
	},
	{
		"id": 10352,
		"action": {
			"type": "block"
		},
		"condition": {
			"urlFilter": "/advertentieblokje120x20.",
			"isUrlFilterCaseSensitive": false
		}
	},
	{
		"id": 10379,
		"action": {
			"type": "block"
		},
		"condition": {
			"urlFilter": "/advertentieblokje300x20.",
			"isUrlFilterCaseSensitive": false
		}
	},
	{
		"id": 10406,
		"action": {
			"type": "block"
		},
		"condition": {
			"urlFilter": "/advertenties.",
			"isUrlFilterCaseSensitive": false
		}
	},
	{
		"id": 10422,
		"action": {
			"type": "block"
		},
		"condition": {
			"urlFilter": "/advertenties/*",
			"isUrlFilterCaseSensitive": false
		}
	},
	{
		"id": 10439,
		"action": {
			"type": "block"
		},
		"condition": {
			"urlFilter": "/bannerlookup.",
			"isUrlFilterCaseSensitive": false
		}
	},
	{
		"id": 10455,
		"action": {
			"type": "block"
		},
		"condition": {
			"urlFilter": "/big_reclames/*",
			"isUrlFilterCaseSensitive": false
		}
	},
	{
		"id": 10472,
		"action": {
			"type": "block"
		},
		"condition": {
			"urlFilter": "/bolcom-partnerprogramma-wordpress-plugin/*",
			"isUrlFilterCaseSensitive": false
		}
	},
	{
		"id": 10517,
		"action": {
			"type": "block"
		},
		"condition": {
			"urlFilter": "/img/recl/*",
			"isUrlFilterCaseSensitive": false
		}
	},
	{
		"id": 10530,
		"action": {
			"type": "block"
		},
		"condition": {
			"urlFilter": "/mediahuis-ads/*",
			"isUrlFilterCaseSensitive": false
		}
	},
	{
		"id": 10548,
		"action": {
			"type": "block"
		},
		"condition": {
			"urlFilter": "/nmc/adv/*",
			"isUrlFilterCaseSensitive": false
		}
	},
	{
		"id": 10560,
		"action": {
			"type": "block"
		},
		"condition": {
			"urlFilter": "/pebble-adhese.",
			"isUrlFilterCaseSensitive": false
		}
	},
	{
		"id": 10577,
		"action": {
			"type": "block"
		},
		"condition": {
			"urlFilter": "/prikbordAdvertentie_",
			"isUrlFilterCaseSensitive": false
		}
	},
	{
		"id": 10600,
		"action": {
			"type": "block"
		},
		"condition": {
			"urlFilter": "/reclame-extra.",
			"isUrlFilterCaseSensitive": false
		}
	},
	{
		"id": 10617,
		"action": {
			"type": "block"
		},
		"condition": {
			"urlFilter": "/reclame-nieuws.",
			"isUrlFilterCaseSensitive": false
		}
	},
	{
		"id": 10635,
		"action": {
			"type": "block"
		},
		"condition": {
			"urlFilter": "/reclame2.",
			"isUrlFilterCaseSensitive": false
		}
	},
	{
		"id": 10647,
		"action": {
			"type": "block"
		},
		"condition": {
			"urlFilter": "/reclamebanners/*",
			"isUrlFilterCaseSensitive": false
		}
	},
	{
		"id": 10666,
		"action": {
			"type": "block"
		},
		"condition": {
			"urlFilter": "/small_reclames/*",
			"isUrlFilterCaseSensitive": false
		}
	},
	{
		"id": 10685,
		"action": {
			"type": "block"
		},
		"condition": {
			"urlFilter": "/tekst_advertentie_",
			"isUrlFilterCaseSensitive": false
		}
	},
	{
		"id": 10706,
		"action": {
			"type": "block"
		},
		"condition": {
			"urlFilter": "/topadvertentie.",
			"isUrlFilterCaseSensitive": false
		}
	},
	{
		"id": 10724,
		"action": {
			"type": "block"
		},
		"condition": {
			"urlFilter": "://promotie.",
			"domainType": "thirdParty",
			"isUrlFilterCaseSensitive": false
		}
	},
	{
		"id": 10750,
		"action": {
			"type": "block"
		},
		"condition": {
			"urlFilter": "_advertentie300x250_",
			"isUrlFilterCaseSensitive": false
		}
	},
	{
		"id": 10772,
		"action": {
			"type": "block"
		},
		"condition": {
			"urlFilter": "_advertentieleaderboardhome.",
			"isUrlFilterCaseSensitive": false
		}
	},
	{
		"id": 10802,
		"action": {
			"type": "block"
		},
		"condition": {
			"urlFilter": "||adrequest.net^",
			"domainType": "thirdParty",
			"isUrlFilterCaseSensitive": false
		}
	},
	{
		"id": 10832,
		"action": {
			"type": "block"
		},
		"condition": {
			"urlFilter": "||adshim.com^",
			"domainType": "thirdParty",
			"isUrlFilterCaseSensitive": false
		}
	},
	{
		"id": 10859,
		"action": {
			"type": "block"
		},
		"condition": {
			"urlFilter": "||affiliatepartners.com^",
			"domainType": "thirdParty",
			"isUrlFilterCaseSensitive": false
		}
	},
	{
		"id": 10897,
		"action": {
			"type": "block"
		},
		"condition": {
			"urlFilter": "||affiliateprogramma.eu^",
			"domainType": "thirdParty",
			"isUrlFilterCaseSensitive": false
		}
	},
	{
		"id": 10935,
		"action": {
			"type": "block"
		},
		"condition": {
			"urlFilter": "||believe-the-hype.be^",
			"domainType": "thirdParty",
			"isUrlFilterCaseSensitive": false
		}
	},
	{
		"id": 10971,
		"action": {
			"type": "block"
		},
		"condition": {
			"urlFilter": "||botndm.nl^",
			"domainType": "thirdParty",
			"isUrlFilterCaseSensitive": false
		}
	},
	{
		"id": 10997,
		"action": {
			"type": "block"
		},
		"condition": {
			"urlFilter": "||crnsgngrpj.nl^",
			"isUrlFilterCaseSensitive": false
		}
	},
	{
		"id": 11015,
		"action": {
			"type": "block"
		},
		"condition": {
			"urlFilter": "||dntblckmpls.nl^",
			"isUrlFilterCaseSensitive": false
		}
	},
	{
		"id": 11034,
		"action": {
			"type": "block"
		},
		"condition": {
			"urlFilter": "||ds1.nl^",
			"domainType": "thirdParty",
			"isUrlFilterCaseSensitive": false
		}
	},
	{
		"id": 11057,
		"action": {
			"type": "block"
		},
		"condition": {
			"urlFilter": "||dt51.net^",
			"domainType": "thirdParty",
			"isUrlFilterCaseSensitive": false
		}
	},
	{
		"id": 11082,
		"action": {
			"type": "block"
		},
		"condition": {
			"urlFilter": "||dt71.net^",
			"domainType": "thirdParty",
			"isUrlFilterCaseSensitive": false
		}
	},
	{
		"id": 11107,
		"action": {
			"type": "block"
		},
		"condition": {
			"urlFilter": "||gratis-neuken.com^",
			"domainType": "thirdParty",
			"isUrlFilterCaseSensitive": false
		}
	},
	{
		"id": 11141,
		"action": {
			"type": "block"
		},
		"condition": {
			"urlFilter": "||nojazz.eu^",
			"isUrlFilterCaseSensitive": false
		}
	},
	{
		"id": 11155,
		"action": {
			"type": "block"
		},
		"condition": {
			"urlFilter": "||nonstoppartner.net^",
			"domainType": "thirdParty",
			"isUrlFilterCaseSensitive": false
		}
	},
	{
		"id": 11190,
		"action": {
			"type": "block"
		},
		"condition": {
			"urlFilter": "||online-banners.nl^",
			"domainType": "thirdParty",
			"isUrlFilterCaseSensitive": false
		}
	},
	{
		"id": 11224,
		"action": {
			"type": "block"
		},
		"condition": {
			"urlFilter": "||optoutadvertising.com^",
			"domainType": "thirdParty",
			"isUrlFilterCaseSensitive": false
		}
	},
	{
		"id": 11262,
		"action": {
			"type": "block"
		},
		"condition": {
			"urlFilter": "||sponsorkliks.com^",
			"domainType": "thirdParty",
			"isUrlFilterCaseSensitive": false
		}
	},
	{
		"id": 11295,
		"action": {
			"type": "block"
		},
		"condition": {
			"urlFilter": "||static-dscn.net^",
			"domainType": "thirdParty",
			"isUrlFilterCaseSensitive": false
		}
	},
	{
		"id": 11327,
		"action": {
			"type": "block"
		},
		"condition": {
			"urlFilter": "||tools.islive.nl^",
			"domainType": "thirdParty",
			"isUrlFilterCaseSensitive": false
		}
	},
	{
		"id": 11359,
		"action": {
			"type": "block"
		},
		"condition": {
			"urlFilter": "||travelads.be^",
			"domainType": "thirdParty",
			"isUrlFilterCaseSensitive": false
		}
	},
	{
		"id": 11388,
		"action": {
			"type": "block"
		},
		"condition": {
			"urlFilter": "||viadata.store^",
			"isUrlFilterCaseSensitive": false
		}
	},
	{
		"id": 11406,
		"action": {
			"type": "block"
		},
		"condition": {
			"urlFilter": "||vpscash.nl^",
			"domainType": "thirdParty",
			"isUrlFilterCaseSensitive": false
		}
	},
	{
		"id": 11433,
		"action": {
			"type": "block"
		},
		"condition": {
			"urlFilter": "||xpartners.nl^",
			"domainType": "thirdParty",
			"isUrlFilterCaseSensitive": false
		}
	},
	{
		"id": 11462,
		"action": {
			"type": "block"
		},
		"condition": {
			"urlFilter": ".nl/adurl/",
			"initiatorDomains": [
				"start-player.npo.nl"
			],
			"resourceTypes": [
				"xmlhttprequest"
			],
			"isUrlFilterCaseSensitive": false
		}
	},
	{
		"id": 11516,
		"action": {
			"type": "block"
		},
		"condition": {
			"urlFilter": "||advertising-cdn.dpgmedia.cloud^",
			"isUrlFilterCaseSensitive": false
		}
	},
	{
		"id": 11551,
		"action": {
			"type": "block"
		},
		"condition": {
			"urlFilter": "||advertising-module.api.dpgmedia.cloud^",
			"isUrlFilterCaseSensitive": false
		}
	},
	{
		"id": 11593,
		"action": {
			"type": "block"
		},
		"condition": {
			"urlFilter": "||bnpparibasmarkets.nl/widget/",
			"domainType": "thirdParty",
			"isUrlFilterCaseSensitive": false
		}
	},
	{
		"id": 11637,
		"action": {
			"type": "block"
		},
		"condition": {
			"urlFilter": "||bol.com/nl/upload/banners/",
			"isUrlFilterCaseSensitive": false
		}
	},
	{
		"id": 11667,
		"action": {
			"type": "block"
		},
		"condition": {
			"urlFilter": "||bol.com/nl/upload/partnerprogramma/",
			"isUrlFilterCaseSensitive": false
		}
	},
	{
		"id": 11706,
		"action": {
			"type": "block"
		},
		"condition": {
			"urlFilter": "||centraal.helpmij.nl/images/nieuwsbrief/nod32-colofon.jpg",
			"isUrlFilterCaseSensitive": false
		}
	},
	{
		"id": 11766,
		"action": {
			"type": "block"
		},
		"condition": {
			"urlFilter": "||cloudfront.net/-/media/6-parnerships/",
			"initiatorDomains": [
				"feyenoord.nl"
			],
			"isUrlFilterCaseSensitive": false
		}
	},
	{
		"id": 11827,
		"action": {
			"type": "block"
		},
		"condition": {
			"urlFilter": "||cloudfront.net/Assets/images/partners/",
			"initiatorDomains": [
				"feyenoord.nl"
			],
			"isUrlFilterCaseSensitive": false
		}
	},
	{
		"id": 11889,
		"action": {
			"type": "block"
		},
		"condition": {
			"urlFilter": "||cloudfront.net/banners/",
			"initiatorDomains": [
				"eredivisie.nl"
			],
			"isUrlFilterCaseSensitive": false
		}
	},
	{
		"id": 11937,
		"action": {
			"type": "block"
		},
		"condition": {
			"urlFilter": "||feenstra-internetservices.nl/?_dnid=",
			"domainType": "thirdParty",
			"isUrlFilterCaseSensitive": false
		}
	},
	{
		"id": 11989,
		"action": {
			"type": "block"
		},
		"condition": {
			"urlFilter": "||fx.nl/_ext/widget/",
			"domainType": "thirdParty",
			"isUrlFilterCaseSensitive": false
		}
	},
	{
		"id": 12023,
		"action": {
			"type": "block"
		},
		"condition": {
			"urlFilter": "||infotalia.com/worktalia_promo_",
			"isUrlFilterCaseSensitive": false
		}
	},
	{
		"id": 12057,
		"action": {
			"type": "block"
		},
		"condition": {
			"urlFilter": "||jobat.be/extra/trackuityhn/ticker_new.html",
			"domainType": "thirdParty",
			"isUrlFilterCaseSensitive": false
		}
	},
	{
		"id": 12115,
		"action": {
			"type": "block"
		},
		"condition": {
			"urlFilter": "||mmcdn.nl/tags/",
			"isUrlFilterCaseSensitive": false
		}
	},
	{
		"id": 12133,
		"action": {
			"type": "block"
		},
		"condition": {
			"urlFilter": "||ouders.nl/uploads/alt/",
			"initiatorDomains": [
				"viafora.nl"
			],
			"isUrlFilterCaseSensitive": false
		}
	},
	{
		"id": 12177,
		"action": {
			"type": "block"
		},
		"condition": {
			"urlFilter": "||partner.bol.com^",
			"domainType": "thirdParty",
			"isUrlFilterCaseSensitive": false
		}
	},
	{
		"id": 12209,
		"action": {
			"type": "block"
		},
		"condition": {
			"urlFilter": "||pexi.nl/dpos/widget-",
			"initiatorDomains": [
				"intermediair.nl"
			],
			"isUrlFilterCaseSensitive": false
		}
	},
	{
		"id": 12256,
		"action": {
			"type": "block"
		},
		"condition": {
			"urlFilter": "||pornokartel.nl^",
			"domainType": "thirdParty",
			"resourceTypes": [
				"image"
			],
			"isUrlFilterCaseSensitive": false
		}
	},
	{
		"id": 12293,
		"action": {
			"type": "block"
		},
		"condition": {
			"urlFilter": "||pubble.nl/Content.svc/getAdCollection?",
			"isUrlFilterCaseSensitive": false
		}
	},
	{
		"id": 12335,
		"action": {
			"type": "block"
		},
		"condition": {
			"urlFilter": "||recreatief.nl/kerstarrangementen.gif",
			"isUrlFilterCaseSensitive": false
		}
	},
	{
		"id": 12375,
		"action": {
			"type": "block"
		},
		"condition": {
			"urlFilter": "||search-result.com^*/klokad2.js",
			"isUrlFilterCaseSensitive": false
		}
	},
	{
		"id": 12409,
		"action": {
			"type": "block"
		},
		"condition": {
			"urlFilter": "||seks.com/img/bnr.gif",
			"isUrlFilterCaseSensitive": false
		}
	},
	{
		"id": 12433,
		"action": {
			"type": "block"
		},
		"condition": {
			"urlFilter": "||sociaaldigitaal.nl/img/Banner-",
			"domainType": "thirdParty",
			"isUrlFilterCaseSensitive": false
		}
	},
	{
		"id": 12479,
		"action": {
			"type": "block"
		},
		"condition": {
			"urlFilter": "||sp.dpgmedia.net^",
			"domainType": "thirdParty",
			"isUrlFilterCaseSensitive": false
		}
	},
	{
		"id": 12511,
		"action": {
			"type": "block"
		},
		"condition": {
			"urlFilter": "||stepstone.be/*?event=widgettool.",
			"domainType": "thirdParty",
			"isUrlFilterCaseSensitive": false
		}
	},
	{
		"id": 12559,
		"action": {
			"type": "block"
		},
		"condition": {
			"urlFilter": "||strafrechtadvocaten.nl/media/banner/",
			"domainType": "thirdParty",
			"isUrlFilterCaseSensitive": false
		}
	},
	{
		"id": 12611,
		"action": {
			"type": "block"
		},
		"condition": {
			"urlFilter": "||swpportal.com/upload/squarebanners/",
			"isUrlFilterCaseSensitive": false
		}
	},
	{
		"id": 12650,
		"action": {
			"type": "block"
		},
		"condition": {
			"urlFilter": "||t.bazarow.com^",
			"domainType": "thirdParty",
			"isUrlFilterCaseSensitive": false
		}
	},
	{
		"id": 12680,
		"action": {
			"type": "block"
		},
		"condition": {
			"urlFilter": "||widget.vpnnederland.nl^",
			"initiatorDomains": [
				"nzbserver.com"
			],
			"isUrlFilterCaseSensitive": false
		}
	},
	{
		"id": 12728,
		"action": {
			"type": "block"
		},
		"condition": {
			"urlFilter": "||widgets.skyscanner.net^",
			"initiatorDomains": [
				"puuropreis.nl"
			],
			"isUrlFilterCaseSensitive": false
		}
	},
	{
		"id": 12776,
		"action": {
			"type": "block"
		},
		"condition": {
			"urlFilter": "||windows.net/banners/",
			"initiatorDomains": [
				"agf.nl",
				"bpnieuws.nl",
				"groentennieuws.nl",
				"uiennieuws.nl"
			],
			"isUrlFilterCaseSensitive": false
		}
	},
	{
		"id": 12858,
		"action": {
			"type": "block"
		},
		"condition": {
			"urlFilter": "||wp.com/www.bol.com/nl/upload/partnerprogramma/",
			"isUrlFilterCaseSensitive": false
		}
	},
	{
		"id": 12908,
		"action": {
			"type": "block"
		},
		"condition": {
			"urlFilter": "||xmissy.nl/admnfiles1809/sinclub/freechatbanner_",
			"isUrlFilterCaseSensitive": false
		}
	},
	{
		"id": 12959,
		"action": {
			"type": "block"
		},
		"condition": {
			"urlFilter": "||123video.nl^*/300x100_",
			"isUrlFilterCaseSensitive": false
		}
	},
	{
		"id": 12985,
		"action": {
			"type": "block"
		},
		"condition": {
			"urlFilter": "||2link.be/banners/",
			"isUrlFilterCaseSensitive": false
		}
	},
	{
		"id": 13006,
		"action": {
			"type": "block"
		},
		"condition": {
			"urlFilter": "||aafm.nl/cms/wp-content/themes/omroepalmelo/img/banners/",
			"isUrlFilterCaseSensitive": false
		}
	},
	{
		"id": 13065,
		"action": {
			"type": "block"
		},
		"condition": {
			"urlFilter": "||abcsuriname.com/images/banners/",
			"isUrlFilterCaseSensitive": false
		}
	},
	{
		"id": 13100,
		"action": {
			"type": "block"
		},
		"condition": {
			"urlFilter": "||adodenhaag.nl/images/banners/",
			"isUrlFilterCaseSensitive": false
		}
	},
	{
		"id": 13133,
		"action": {
			"type": "block"
		},
		"condition": {
			"urlFilter": "||agconnect.nl/sites/ag/files/styles/partner_",
			"isUrlFilterCaseSensitive": false
		}
	},
	{
		"id": 13180,
		"action": {
			"type": "block"
		},
		"condition": {
			"urlFilter": "||am-forum.nl/upload/logo_elektrodump.png",
			"isUrlFilterCaseSensitive": false
		}
	},
	{
		"id": 13223,
		"action": {
			"type": "block"
		},
		"condition": {
			"urlFilter": "||antilliaansdagblad.com/images/banners/",
			"isUrlFilterCaseSensitive": false
		}
	},
	{
		"id": 13265,
		"action": {
			"type": "block"
		},
		"condition": {
			"urlFilter": "||apintie.sr/bannerz/",
			"isUrlFilterCaseSensitive": false
		}
	},
	{
		"id": 13288,
		"action": {
			"type": "block"
		},
		"condition": {
			"urlFilter": "||autosport.nl/images/Banner-",
			"isUrlFilterCaseSensitive": false
		}
	},
	{
		"id": 13319,
		"action": {
			"type": "block"
		},
		"condition": {
			"urlFilter": "||autosport.nl/images/banners/",
			"isUrlFilterCaseSensitive": false
		}
	},
	{
		"id": 13351,
		"action": {
			"type": "block"
		},
		"condition": {
			"urlFilter": "||baarsclassicrock.nl/wp-content/uploads/*/banner_",
			"isUrlFilterCaseSensitive": false
		}
	},
	{
		"id": 13403,
		"action": {
			"type": "block"
		},
		"condition": {
			"urlFilter": "||belgiancycling.be^*/Banners/",
			"isUrlFilterCaseSensitive": false
		}
	},
	{
		"id": 13435,
		"action": {
			"type": "block"
		},
		"condition": {
			"urlFilter": "||belgiancycling.be^*/Logo%27s%20partners/",
			"isUrlFilterCaseSensitive": false
		}
	},
	{
		"id": 13479,
		"action": {
			"type": "block"
		},
		"condition": {
			"urlFilter": "||bloovi.be/frontend/files/banners/",
			"isUrlFilterCaseSensitive": false
		}
	},
	{
		"id": 13516,
		"action": {
			"type": "block"
		},
		"condition": {
			"urlFilter": "||bodemvondstenwereld.nl/images/banners/",
			"isUrlFilterCaseSensitive": false
		}
	},
	{
		"id": 13558,
		"action": {
			"type": "block"
		},
		"condition": {
			"urlFilter": "||bol-an.nl/wp-content/uploads/*/Adv_",
			"isUrlFilterCaseSensitive": false
		}
	},
	{
		"id": 13597,
		"action": {
			"type": "block"
		},
		"condition": {
			"urlFilter": "||brandweerspotters.nl/modules/banners/",
			"isUrlFilterCaseSensitive": false
		}
	},
	{
		"id": 13638,
		"action": {
			"type": "block"
		},
		"condition": {
			"urlFilter": "||buzzbie.nl/uploads/banners/",
			"isUrlFilterCaseSensitive": false
		}
	},
	{
		"id": 13669,
		"action": {
			"type": "block"
		},
		"condition": {
			"urlFilter": "||cdn-webcam-harlingen.nl/adv/",
			"isUrlFilterCaseSensitive": false
		}
	},
	{
		"id": 13701,
		"action": {
			"type": "block"
		},
		"condition": {
			"urlFilter": "||chatmetvreemden.be/static/html/",
			"isUrlFilterCaseSensitive": false
		}
	},
	{
		"id": 13736,
		"action": {
			"type": "block"
		},
		"condition": {
			"urlFilter": "||chatmetvreemden.nl/static/html/",
			"isUrlFilterCaseSensitive": false
		}
	},
	{
		"id": 13771,
		"action": {
			"type": "block"
		},
		"condition": {
			"urlFilter": "||christelijknieuws.nl^*/banner/",
			"isUrlFilterCaseSensitive": false
		}
	},
	{
		"id": 13805,
		"action": {
			"type": "block"
		},
		"condition": {
			"urlFilter": "||ciaotutti.nl/wp-content/uploads/Banner_",
			"isUrlFilterCaseSensitive": false
		}
	},
	{
		"id": 13848,
		"action": {
			"type": "block"
		},
		"condition": {
			"urlFilter": "||clubbrugge.be^*/partner/",
			"isUrlFilterCaseSensitive": false
		}
	},
	{
		"id": 13876,
		"action": {
			"type": "block"
		},
		"condition": {
			"urlFilter": "||coastline945fm.nl/cache/partners/",
			"isUrlFilterCaseSensitive": false
		}
	},
	{
		"id": 13913,
		"action": {
			"type": "block"
		},
		"condition": {
			"urlFilter": "||coastlinefm.nl/cache/partners/",
			"isUrlFilterCaseSensitive": false
		}
	},
	{
		"id": 13947,
		"action": {
			"type": "block"
		},
		"condition": {
			"urlFilter": "||content1.pcmweb.nl^",
			"isUrlFilterCaseSensitive": false
		}
	},
	{
		"id": 13970,
		"action": {
			"type": "block"
		},
		"condition": {
			"urlFilter": "||content1.pu.nl^",
			"isUrlFilterCaseSensitive": false
		}
	},
	{
		"id": 13989,
		"action": {
			"type": "block"
		},
		"condition": {
			"urlFilter": "||content1.wasmachines.nl^",
			"isUrlFilterCaseSensitive": false
		}
	},
	{
		"id": 14017,
		"action": {
			"type": "block"
		},
		"condition": {
			"urlFilter": "||content1.zoom.nl^",
			"isUrlFilterCaseSensitive": false
		}
	},
	{
		"id": 14038,
		"action": {
			"type": "block"
		},
		"condition": {
			"urlFilter": "||content2.besteproduct.nl^",
			"isUrlFilterCaseSensitive": false
		}
	},
	{
		"id": 14067,
		"action": {
			"type": "block"
		},
		"condition": {
			"urlFilter": "||content2.kieskeurig.nl^",
			"isUrlFilterCaseSensitive": false
		}
	},
	{
		"id": 14094,
		"action": {
			"type": "block"
		},
		"condition": {
			"urlFilter": "||content2.pu.nl^",
			"isUrlFilterCaseSensitive": false
		}
	},
	{
		"id": 14113,
		"action": {
			"type": "block"
		},
		"condition": {
			"urlFilter": "||content2.wasmachines.nl^",
			"isUrlFilterCaseSensitive": false
		}
	},
	{
		"id": 14141,
		"action": {
			"type": "block"
		},
		"condition": {
			"urlFilter": "||content2.zoom.nl^",
			"isUrlFilterCaseSensitive": false
		}
	},
	{
		"id": 14162,
		"action": {
			"type": "block"
		},
		"condition": {
			"urlFilter": "||cryptobenelux.com/wp-content/uploads/*-banner-",
			"isUrlFilterCaseSensitive": false
		}
	},
	{
		"id": 14212,
		"action": {
			"type": "block"
		},
		"condition": {
			"urlFilter": "||cryptobenelux.com/wp-content/uploads/*-Banner.",
			"isUrlFilterCaseSensitive": false
		}
	},
	{
		"id": 14262,
		"action": {
			"type": "block"
		},
		"condition": {
			"urlFilter": "||cryptobenelux.com/wp-content/uploads/*/banner_",
			"isUrlFilterCaseSensitive": false
		}
	},
	{
		"id": 14312,
		"action": {
			"type": "block"
		},
		"condition": {
			"urlFilter": "||cryptoprijzen.com/cryptoprijzen-widget/",
			"isUrlFilterCaseSensitive": false
		}
	},
	{
		"id": 14355,
		"action": {
			"type": "block"
		},
		"condition": {
			"urlFilter": "||debestevpn.nl/wp-content/*-banner.",
			"isUrlFilterCaseSensitive": false
		}
	},
	{
		"id": 14393,
		"action": {
			"type": "block"
		},
		"condition": {
			"urlFilter": "||decibel.nl/wp-content/uploads/*/banner-",
			"isUrlFilterCaseSensitive": false
		}
	},
	{
		"id": 14436,
		"action": {
			"type": "block"
		},
		"condition": {
			"urlFilter": "||dewereldmorgen.be/wp-content/banners/",
			"isUrlFilterCaseSensitive": false
		}
	},
	{
		"id": 14477,
		"action": {
			"type": "block"
		},
		"condition": {
			"urlFilter": "||digitaalburg.com/rn02/wp-content/uploads/*/CornetAnimationA-",
			"isUrlFilterCaseSensitive": false
		}
	},
	{
		"id": 14541,
		"action": {
			"type": "block"
		},
		"condition": {
			"urlFilter": "||digitaalburg.com/rn02/wp-content/uploads/*/MERKX11.png",
			"isUrlFilterCaseSensitive": false
		}
	},
	{
		"id": 14599,
		"action": {
			"type": "block"
		},
		"condition": {
			"urlFilter": "||digitaalburg.com/rn02/wp-content/uploads/*/Roel.jpg",
			"isUrlFilterCaseSensitive": false
		}
	},
	{
		"id": 14654,
		"action": {
			"type": "block"
		},
		"condition": {
			"urlFilter": "||digitaalburg.com/rn02/wp-content/uploads/*/uitwaard21.jpg",
			"isUrlFilterCaseSensitive": false
		}
	},
	{
		"id": 14715,
		"action": {
			"type": "block"
		},
		"condition": {
			"urlFilter": "||digitaalburg.com/rn02/wp-content/uploads/*/Vacature-",
			"isUrlFilterCaseSensitive": false
		}
	},
	{
		"id": 14771,
		"action": {
			"type": "block"
		},
		"condition": {
			"urlFilter": "||digitaalburg.com/rn02/wp-content/uploads/*/vertiadvies_",
			"isUrlFilterCaseSensitive": false
		}
	},
	{
		"id": 14830,
		"action": {
			"type": "block"
		},
		"condition": {
			"urlFilter": "||digitaalburg.com/rn02/wp-content/uploads/*/webbanner-",
			"isUrlFilterCaseSensitive": false
		}
	},
	{
		"id": 14887,
		"action": {
			"type": "block"
		},
		"condition": {
			"urlFilter": "||dolcevia.com^*/Banners/",
			"isUrlFilterCaseSensitive": false
		}
	},
	{
		"id": 14914,
		"action": {
			"type": "block"
		},
		"condition": {
			"urlFilter": "||duurzaam-actueel.nl^*banner",
			"isUrlFilterCaseSensitive": false
		}
	},
	{
		"id": 14945,
		"action": {
			"type": "block"
		},
		"condition": {
			"urlFilter": "||edelmetaal-info.nl/cdfund-336x280.html",
			"isUrlFilterCaseSensitive": false
		}
	},
	{
		"id": 14987,
		"action": {
			"type": "block"
		},
		"condition": {
			"urlFilter": "||edelmetaal-info.nl/wp-content/uploads/images/goudpensioen/",
			"isUrlFilterCaseSensitive": false
		}
	},
	{
		"id": 15049,
		"action": {
			"type": "block"
		},
		"condition": {
			"urlFilter": "||eredivisie.nl/images/logos/partners/",
			"isUrlFilterCaseSensitive": false
		}
	},
	{
		"id": 15089,
		"action": {
			"type": "block"
		},
		"condition": {
			"urlFilter": "||excellentfm.nl/images/aanbieding/",
			"isUrlFilterCaseSensitive": false
		}
	},
	{
		"id": 15126,
		"action": {
			"type": "block"
		},
		"condition": {
			"urlFilter": "||fanclubbarcelona.nl/viewfile/mainbanner/",
			"isUrlFilterCaseSensitive": false
		}
	},
	{
		"id": 15170,
		"action": {
			"type": "block"
		},
		"condition": {
			"urlFilter": "||farmaline.be/assets/banners/",
			"isUrlFilterCaseSensitive": false
		}
	},
	{
		"id": 15202,
		"action": {
			"type": "block"
		},
		"condition": {
			"urlFilter": "||fcupdate.nl/js/adslot.js",
			"isUrlFilterCaseSensitive": false
		}
	},
	{
		"id": 15230,
		"action": {
			"type": "block"
		},
		"condition": {
			"urlFilter": "||flirtmee.nl/img/160x70_sponsor-",
			"isUrlFilterCaseSensitive": false
		}
	},
	{
		"id": 15265,
		"action": {
			"type": "block"
		},
		"condition": {
			"urlFilter": "||floranews.com/img/banner/",
			"isUrlFilterCaseSensitive": false
		}
	},
	{
		"id": 15294,
		"action": {
			"type": "block"
		},
		"condition": {
			"urlFilter": "||fonkmagazine.nl/adds/",
			"isUrlFilterCaseSensitive": false
		}
	},
	{
		"id": 15319,
		"action": {
			"type": "block"
		},
		"condition": {
			"urlFilter": "||fonkonline.nl/adds/",
			"isUrlFilterCaseSensitive": false
		}
	},
	{
		"id": 15342,
		"action": {
			"type": "block"
		},
		"condition": {
			"urlFilter": "||forum.spaarinformatie.nl/si-info.html",
			"isUrlFilterCaseSensitive": false
		}
	},
	{
		"id": 15383,
		"action": {
			"type": "block"
		},
		"condition": {
			"urlFilter": "||genemuidenactueel.nl^*banner",
			"isUrlFilterCaseSensitive": false
		}
	},
	{
		"id": 15415,
		"action": {
			"type": "block"
		},
		"condition": {
			"urlFilter": "||gic.nl/uploads/fckconnector/",
			"isUrlFilterCaseSensitive": false
		}
	},
	{
		"id": 15447,
		"action": {
			"type": "block"
		},
		"condition": {
			"urlFilter": "||gigantfm.nl/upload/20170420110645812.jpg",
			"isUrlFilterCaseSensitive": false
		}
	},
	{
		"id": 15491,
		"action": {
			"type": "block"
		},
		"condition": {
			"urlFilter": "||gigantfm.nl/upload/20210730122903794.gif",
			"isUrlFilterCaseSensitive": false
		}
	},
	{
		"id": 15535,
		"action": {
			"type": "block"
		},
		"condition": {
			"urlFilter": "||gigantfm.nl/upload/autoonderdelen24_1.png",
			"isUrlFilterCaseSensitive": false
		}
	},
	{
		"id": 15580,
		"action": {
			"type": "block"
		},
		"condition": {
			"urlFilter": "||gigantfm.nl/upload/onderdelenshop.gif",
			"isUrlFilterCaseSensitive": false
		}
	},
	{
		"id": 15621,
		"action": {
			"type": "block"
		},
		"condition": {
			"urlFilter": "||goedkoopstekeukensduitsland.nl/wp-content/uploads/*/I-kook-banner.jpg",
			"isUrlFilterCaseSensitive": false
		}
	},
	{
		"id": 15694,
		"action": {
			"type": "block"
		},
		"condition": {
			"urlFilter": "||goedkoopstekeukensduitsland.nl/wp-content/uploads/*/Keuken-ontwerp-aan-huis.jpg",
			"isUrlFilterCaseSensitive": false
		}
	},
	{
		"id": 15777,
		"action": {
			"type": "block"
		},
		"condition": {
			"urlFilter": "||goedkoopstekeukensduitsland.nl/wp-content/uploads/*/Keukenplaats.jpg",
			"isUrlFilterCaseSensitive": false
		}
	},
	{
		"id": 15849,
		"action": {
			"type": "block"
		},
		"condition": {
			"urlFilter": "||golf.be/files/BannerImage/",
			"isUrlFilterCaseSensitive": false
		}
	},
	{
		"id": 15879,
		"action": {
			"type": "block"
		},
		"condition": {
			"urlFilter": "||greenkeeper.nl/upload/banners/",
			"isUrlFilterCaseSensitive": false
		}
	},
	{
		"id": 15913,
		"action": {
			"type": "block"
		},
		"condition": {
			"urlFilter": "||greenkeeper.nl/upload/relaties/",
			"isUrlFilterCaseSensitive": false
		}
	},
	{
		"id": 15948,
		"action": {
			"type": "block"
		},
		"condition": {
			"urlFilter": "||halstadcentraal.nl/images/banners/",
			"isUrlFilterCaseSensitive": false
		}
	},
	{
		"id": 15986,
		"action": {
			"type": "block"
		},
		"condition": {
			"urlFilter": "||handbalstartpunt.nl/content/schoonkapje.gif",
			"isUrlFilterCaseSensitive": false
		}
	},
	{
		"id": 16033,
		"action": {
			"type": "block"
		},
		"condition": {
			"urlFilter": "||handbalstartpunt.nl/images/mizuno-small.jpg",
			"isUrlFilterCaseSensitive": false
		}
	},
	{
		"id": 16080,
		"action": {
			"type": "block"
		},
		"condition": {
			"urlFilter": "||hoekschnieuws.nl/banner/",
			"isUrlFilterCaseSensitive": false
		}
	},
	{
		"id": 16108,
		"action": {
			"type": "block"
		},
		"condition": {
			"urlFilter": "||hoekschnieuws.nl/wp-content/uploads/*/Banner-",
			"isUrlFilterCaseSensitive": false
		}
	},
	{
		"id": 16157,
		"action": {
			"type": "block"
		},
		"condition": {
			"urlFilter": "||hotradiohits.nl/image/picture/*_banner.",
			"isUrlFilterCaseSensitive": false
		}
	},
	{
		"id": 16200,
		"action": {
			"type": "block"
		},
		"condition": {
			"urlFilter": "||htforum.nl/yabbse/*-banner2.gif",
			"isUrlFilterCaseSensitive": false
		}
	},
	{
		"id": 16235,
		"action": {
			"type": "block"
		},
		"condition": {
			"urlFilter": "||htforum.nl/yabbse/banners/",
			"isUrlFilterCaseSensitive": false
		}
	},
	{
		"id": 16265,
		"action": {
			"type": "block"
		},
		"condition": {
			"urlFilter": "||htforum.nl/yabbse/topframe_v3.php",
			"isUrlFilterCaseSensitive": false
		}
	},
	{
		"id": 16302,
		"action": {
			"type": "block"
		},
		"condition": {
			"urlFilter": "||iex.nl/uploads/banners/",
			"isUrlFilterCaseSensitive": false
		}
	},
	{
		"id": 16329,
		"action": {
			"type": "block"
		},
		"condition": {
			"urlFilter": "||katholiek.nl/wp-content/uploads/*/banner-",
			"isUrlFilterCaseSensitive": false
		}
	},
	{
		"id": 16374,
		"action": {
			"type": "block"
		},
		"condition": {
			"urlFilter": "||kavelplatform.nl/assets/uploads/banners/",
			"isUrlFilterCaseSensitive": false
		}
	},
	{
		"id": 16418,
		"action": {
			"type": "block"
		},
		"condition": {
			"urlFilter": "||kilroynews.net^*banner",
			"isUrlFilterCaseSensitive": false
		}
	},
	{
		"id": 16444,
		"action": {
			"type": "block"
		},
		"condition": {
			"urlFilter": "||klokradio.nl/wp-content/uploads/*/adv-",
			"isUrlFilterCaseSensitive": false
		}
	},
	{
		"id": 16486,
		"action": {
			"type": "block"
		},
		"condition": {
			"urlFilter": "||landenweb.nl/imgBoeking/",
			"isUrlFilterCaseSensitive": false
		}
	},
	{
		"id": 16514,
		"action": {
			"type": "block"
		},
		"condition": {
			"urlFilter": "||linqmedia.nl/cwm/fm/userfiles/banner/",
			"isUrlFilterCaseSensitive": false
		}
	},
	{
		"id": 16555,
		"action": {
			"type": "block"
		},
		"condition": {
			"urlFilter": "||loemedia.nl/wp-content/uploads/*/BannerPruisSchilderwerken-",
			"isUrlFilterCaseSensitive": false
		}
	},
	{
		"id": 16618,
		"action": {
			"type": "block"
		},
		"condition": {
			"urlFilter": "||loemedia.nl/wp-content/uploads/*/HemaBannerGroot-",
			"isUrlFilterCaseSensitive": false
		}
	},
	{
		"id": 16671,
		"action": {
			"type": "block"
		},
		"condition": {
			"urlFilter": "||lokaleomroepzeewolde.nl/images/banners/",
			"isUrlFilterCaseSensitive": false
		}
	},
	{
		"id": 16714,
		"action": {
			"type": "block"
		},
		"condition": {
			"urlFilter": "||luister.nl/wp-content/uploads/*/Banner_",
			"isUrlFilterCaseSensitive": false
		}
	},
	{
		"id": 16757,
		"action": {
			"type": "block"
		},
		"condition": {
			"urlFilter": "||maarkelsnieuws.nl/banners/",
			"isUrlFilterCaseSensitive": false
		}
	},
	{
		"id": 16787,
		"action": {
			"type": "block"
		},
		"condition": {
			"urlFilter": "||maaslandradio.nl/wp-content/uploads/*/autodoc.",
			"isUrlFilterCaseSensitive": false
		}
	},
	{
		"id": 16837,
		"action": {
			"type": "block"
		},
		"condition": {
			"urlFilter": "||maaslandradio.nl/wp-content/uploads/*/Banner-",
			"isUrlFilterCaseSensitive": false
		}
	},
	{
		"id": 16886,
		"action": {
			"type": "block"
		},
		"condition": {
			"urlFilter": "||maaslandradio.nl/wp-content/uploads/*/Hekwerkland.",
			"isUrlFilterCaseSensitive": false
		}
	},
	{
		"id": 16940,
		"action": {
			"type": "block"
		},
		"condition": {
			"urlFilter": "||mandelnieuws.be^*/Sponsors/",
			"isUrlFilterCaseSensitive": false
		}
	},
	{
		"id": 16971,
		"action": {
			"type": "block"
		},
		"condition": {
			"urlFilter": "||mannennieuws.nl/wp-content/uploads/*-banner.",
			"isUrlFilterCaseSensitive": false
		}
	},
	{
		"id": 17019,
		"action": {
			"type": "block"
		},
		"condition": {
			"urlFilter": "||marktplaats.nl/*/api/complementary-listings?",
			"isUrlFilterCaseSensitive": false
		}
	},
	{
		"id": 17067,
		"action": {
			"type": "block"
		},
		"condition": {
			"urlFilter": "||meerdangewenst.nl^*/sponsors/",
			"isUrlFilterCaseSensitive": false
		}
	},
	{
		"id": 17100,
		"action": {
			"type": "block"
		},
		"condition": {
			"urlFilter": "||metalfan.nl/banners/",
			"isUrlFilterCaseSensitive": false
		}
	},
	{
		"id": 17124,
		"action": {
			"type": "block"
		},
		"condition": {
			"urlFilter": "||midvliet.nl/images/advertenties-",
			"isUrlFilterCaseSensitive": false
		}
	},
	{
		"id": 17160,
		"action": {
			"type": "block"
		},
		"condition": {
			"urlFilter": "||mo.be/sites/default/files/banners/",
			"isUrlFilterCaseSensitive": false
		}
	},
	{
		"id": 17198,
		"action": {
			"type": "block"
		},
		"condition": {
			"urlFilter": "||motocrossplanet.nl/banner/",
			"isUrlFilterCaseSensitive": false
		}
	},
	{
		"id": 17228,
		"action": {
			"type": "block"
		},
		"condition": {
			"urlFilter": "||motocrossplanet.nl/wwwuploads/banners/",
			"isUrlFilterCaseSensitive": false
		}
	},
	{
		"id": 17270,
		"action": {
			"type": "block"
		},
		"condition": {
			"urlFilter": "||motokicx.com/wp-content/uploads/*/BANNER-",
			"isUrlFilterCaseSensitive": false
		}
	},
	{
		"id": 17315,
		"action": {
			"type": "block"
		},
		"condition": {
			"urlFilter": "||motokicx.com/wp-content/uploads/*/Website-ad-",
			"isUrlFilterCaseSensitive": false
		}
	},
	{
		"id": 17364,
		"action": {
			"type": "block"
		},
		"condition": {
			"urlFilter": "||netonline.be/slices/banners/",
			"isUrlFilterCaseSensitive": false
		}
	},
	{
		"id": 17396,
		"action": {
			"type": "block"
		},
		"condition": {
			"urlFilter": "||nevobo.nl^*/sponsor/",
			"isUrlFilterCaseSensitive": false
		}
	},
	{
		"id": 17420,
		"action": {
			"type": "block"
		},
		"condition": {
			"urlFilter": "||niburu.co/images/banners/",
			"isUrlFilterCaseSensitive": false
		}
	},
	{
		"id": 17449,
		"action": {
			"type": "block"
		},
		"condition": {
			"urlFilter": "||nieuwsopbeeld.nl/wp-content/uploads/*/Advertentie-",
			"isUrlFilterCaseSensitive": false
		}
	},
	{
		"id": 17503,
		"action": {
			"type": "block"
		},
		"condition": {
			"urlFilter": "||nieuwsuitnijmegen.nl/gfx/banners/",
			"isUrlFilterCaseSensitive": false
		}
	},
	{
		"id": 17540,
		"action": {
			"type": "block"
		},
		"condition": {
			"urlFilter": "||noordkopcentraal.nl^*/banner_",
			"isUrlFilterCaseSensitive": false
		}
	},
	{
		"id": 17573,
		"action": {
			"type": "block"
		},
		"condition": {
			"urlFilter": "||notebookcheck.nl/fileadmin/Sonstiges/amaz_",
			"resourceTypes": [
				"xmlhttprequest"
			],
			"isUrlFilterCaseSensitive": false
		}
	},
	{
		"id": 17634,
		"action": {
			"type": "block"
		},
		"condition": {
			"urlFilter": "||nrc.nl/tag/tag.js",
			"isUrlFilterCaseSensitive": false
		}
	},
	{
		"id": 17655,
		"action": {
			"type": "block"
		},
		"condition": {
			"urlFilter": "||omroeppenm.nl^*/banner/",
			"isUrlFilterCaseSensitive": false
		}
	},
	{
		"id": 17682,
		"action": {
			"type": "block"
		},
		"condition": {
			"urlFilter": "||onderwijsland.com/files/banners/",
			"isUrlFilterCaseSensitive": false
		}
	},
	{
		"id": 17718,
		"action": {
			"type": "block"
		},
		"condition": {
			"urlFilter": "||onderwijsland.com/files/partners/",
			"isUrlFilterCaseSensitive": false
		}
	},
	{
		"id": 17755,
		"action": {
			"type": "block"
		},
		"condition": {
			"urlFilter": "||ontdek-amerika.nl/marketing/bartsbanner.gif",
			"isUrlFilterCaseSensitive": false
		}
	},
	{
		"id": 17802,
		"action": {
			"type": "block"
		},
		"condition": {
			"urlFilter": "||oogtv.nl/wp-content/banners/",
			"isUrlFilterCaseSensitive": false
		}
	},
	{
		"id": 17834,
		"action": {
			"type": "block"
		},
		"condition": {
			"urlFilter": "||oops.nl/banner/",
			"isUrlFilterCaseSensitive": false
		}
	},
	{
		"id": 17853,
		"action": {
			"type": "block"
		},
		"condition": {
			"urlFilter": "||openingsurengids.be/includes/js/checkblockv2.js",
			"isUrlFilterCaseSensitive": false
		}
	},
	{
		"id": 17904,
		"action": {
			"type": "block"
		},
		"condition": {
			"urlFilter": "||openingsurengids.be/template/images/publi/",
			"isUrlFilterCaseSensitive": false
		}
	},
	{
		"id": 17950,
		"action": {
			"type": "block"
		},
		"condition": {
			"urlFilter": "||opwindend.net/Promotie/",
			"isUrlFilterCaseSensitive": false
		}
	},
	{
		"id": 17977,
		"action": {
			"type": "block"
		},
		"condition": {
			"urlFilter": "||pdd-nos.nl/footer.html",
			"isUrlFilterCaseSensitive": false
		}
	},
	{
		"id": 18003,
		"action": {
			"type": "block"
		},
		"condition": {
			"urlFilter": "||persberichten.com/Images/Banners/",
			"isUrlFilterCaseSensitive": false
		}
	},
	{
		"id": 18040,
		"action": {
			"type": "block"
		},
		"condition": {
			"urlFilter": "||persberichten.com/Images/marcommit/",
			"isUrlFilterCaseSensitive": false
		}
	},
	{
		"id": 18079,
		"action": {
			"type": "block"
		},
		"condition": {
			"urlFilter": "||popinstituut.nl/wp-content/uploads/2014/02/Huren.nl",
			"isUrlFilterCaseSensitive": false
		}
	},
	{
		"id": 18134,
		"action": {
			"type": "block"
		},
		"condition": {
			"urlFilter": "||pornokartel.nl/wp-content/uploads/*/wp-script-leaderboard.gif",
			"isUrlFilterCaseSensitive": false
		}
	},
	{
		"id": 18199,
		"action": {
			"type": "block"
		},
		"condition": {
			"urlFilter": "||promootjesite.nl/images/affliateBanner/",
			"isUrlFilterCaseSensitive": false
		}
	},
	{
		"id": 18242,
		"action": {
			"type": "block"
		},
		"condition": {
			"urlFilter": "||puurnaturisme.nl/images/banners/",
			"isUrlFilterCaseSensitive": false
		}
	},
	{
		"id": 18278,
		"action": {
			"type": "block"
		},
		"condition": {
			"urlFilter": "||racexpress.nl/advertising/",
			"isUrlFilterCaseSensitive": false
		}
	},
	{
		"id": 18308,
		"action": {
			"type": "block"
		},
		"condition": {
			"urlFilter": "||racingnews365.nl/images/banners/",
			"isUrlFilterCaseSensitive": false
		}
	},
	{
		"id": 18344,
		"action": {
			"type": "block"
		},
		"condition": {
			"urlFilter": "||radioacacia.nl/sponsoren/",
			"isUrlFilterCaseSensitive": false
		}
	},
	{
		"id": 18373,
		"action": {
			"type": "block"
		},
		"condition": {
			"urlFilter": "||radioeenhoorn.nl/images/Maxaro-badkamers-tegels.png",
			"isUrlFilterCaseSensitive": false
		}
	},
	{
		"id": 18428,
		"action": {
			"type": "block"
		},
		"condition": {
			"urlFilter": "||radiolelystad.nl/images/stories/Banners/",
			"isUrlFilterCaseSensitive": false
		}
	},
	{
		"id": 18472,
		"action": {
			"type": "block"
		},
		"condition": {
			"urlFilter": "||radionl.fm/wp-content/uploads/*/Maxiaxi_",
			"isUrlFilterCaseSensitive": false
		}
	},
	{
		"id": 18516,
		"action": {
			"type": "block"
		},
		"condition": {
			"urlFilter": "||radiovisie.eu/wp-content/banners/",
			"isUrlFilterCaseSensitive": false
		}
	},
	{
		"id": 18553,
		"action": {
			"type": "block"
		},
		"condition": {
			"urlFilter": "||railhobby.nl/wp-content/uploads/*_banner-",
			"isUrlFilterCaseSensitive": false
		}
	},
	{
		"id": 18598,
		"action": {
			"type": "block"
		},
		"condition": {
			"urlFilter": "||rd.nl/deliver.js",
			"isUrlFilterCaseSensitive": false
		}
	},
	{
		"id": 18618,
		"action": {
			"type": "block"
		},
		"condition": {
			"urlFilter": "||retaildetail.be/sites/default/files/banner/",
			"isUrlFilterCaseSensitive": false
		}
	},
	{
		"id": 18665,
		"action": {
			"type": "block"
		},
		"condition": {
			"urlFilter": "||retaildetail.nl/sites/default/files/banner/",
			"isUrlFilterCaseSensitive": false
		}
	},
	{
		"id": 18712,
		"action": {
			"type": "block"
		},
		"condition": {
			"urlFilter": "||rickfm.nl/cwm/fm/userfiles/banner/",
			"isUrlFilterCaseSensitive": false
		}
	},
	{
		"id": 18750,
		"action": {
			"type": "block"
		},
		"condition": {
			"urlFilter": "||rtvdordrecht.nl/cwm/fm/userfiles/banner/",
			"isUrlFilterCaseSensitive": false
		}
	},
	{
		"id": 18794,
		"action": {
			"type": "block"
		},
		"condition": {
			"urlFilter": "||rtveen.nl/wp-content/uploads/*-Banner-",
			"isUrlFilterCaseSensitive": false
		}
	},
	{
		"id": 18836,
		"action": {
			"type": "block"
		},
		"condition": {
			"urlFilter": "||rtveen.nl/wp-content/uploads/*/banner-",
			"isUrlFilterCaseSensitive": false
		}
	},
	{
		"id": 18878,
		"action": {
			"type": "block"
		},
		"condition": {
			"urlFilter": "||rtvlansingerland.nl/wp-content/uploads/*/Zorgvilla.gif",
			"isUrlFilterCaseSensitive": false
		}
	},
	{
		"id": 18936,
		"action": {
			"type": "block"
		},
		"condition": {
			"urlFilter": "||rtvmaastricht.nl/banners/",
			"isUrlFilterCaseSensitive": false
		}
	},
	{
		"id": 18965,
		"action": {
			"type": "block"
		},
		"condition": {
			"urlFilter": "||rtvnof.nl/prowurk/",
			"isUrlFilterCaseSensitive": false
		}
	},
	{
		"id": 18987,
		"action": {
			"type": "block"
		},
		"condition": {
			"urlFilter": "||schie.nu/images/banner/",
			"isUrlFilterCaseSensitive": false
		}
	},
	{
		"id": 19014,
		"action": {
			"type": "block"
		},
		"condition": {
			"urlFilter": "||schuttevaer.nl/partnersites/",
			"isUrlFilterCaseSensitive": false
		}
	},
	{
		"id": 19046,
		"action": {
			"type": "block"
		},
		"condition": {
			"urlFilter": "||seksverhalen.org/telefoonsex.png",
			"isUrlFilterCaseSensitive": false
		}
	},
	{
		"id": 19082,
		"action": {
			"type": "block"
		},
		"condition": {
			"urlFilter": "||seksverhalen.org/vluggertjes.png",
			"isUrlFilterCaseSensitive": false
		}
	},
	{
		"id": 19118,
		"action": {
			"type": "block"
		},
		"condition": {
			"urlFilter": "||sexchatlounge.nl/bannerlinks.html",
			"isUrlFilterCaseSensitive": false
		}
	},
	{
		"id": 19155,
		"action": {
			"type": "block"
		},
		"condition": {
			"urlFilter": "||sexchatlounge.nl/bannerrechts.html",
			"isUrlFilterCaseSensitive": false
		}
	},
	{
		"id": 19193,
		"action": {
			"type": "block"
		},
		"condition": {
			"urlFilter": "||simone.nl/wp-content/uploads/*-banner-",
			"isUrlFilterCaseSensitive": false
		}
	},
	{
		"id": 19235,
		"action": {
			"type": "block"
		},
		"condition": {
			"urlFilter": "||simone.nl/wp-content/uploads/*-besteonderdelen.nl-",
			"isUrlFilterCaseSensitive": false
		}
	},
	{
		"id": 19289,
		"action": {
			"type": "block"
		},
		"condition": {
			"urlFilter": "||simone.nl/wp-content/uploads/*-onderdelenexpert.nl-",
			"isUrlFilterCaseSensitive": false
		}
	},
	{
		"id": 19344,
		"action": {
			"type": "block"
		},
		"condition": {
			"urlFilter": "||simone.nl/wp-content/uploads/*/tijdelijkkkkk.png",
			"isUrlFilterCaseSensitive": false
		}
	},
	{
		"id": 19396,
		"action": {
			"type": "block"
		},
		"condition": {
			"urlFilter": "||solarmagazine.nl/u/edwin/",
			"isUrlFilterCaseSensitive": false
		}
	},
	{
		"id": 19425,
		"action": {
			"type": "block"
		},
		"condition": {
			"urlFilter": "||spreekbuis.nl/wp-content/uploads/*-banner-",
			"isUrlFilterCaseSensitive": false
		}
	},
	{
		"id": 19471,
		"action": {
			"type": "block"
		},
		"condition": {
			"urlFilter": "||spreekbuis.nl/wp-content/uploads/*/Banner-",
			"isUrlFilterCaseSensitive": false
		}
	},
	{
		"id": 19517,
		"action": {
			"type": "block"
		},
		"condition": {
			"urlFilter": "||srherald.com/wp-content/banners/",
			"isUrlFilterCaseSensitive": false
		}
	},
	{
		"id": 19553,
		"action": {
			"type": "block"
		},
		"condition": {
			"urlFilter": "||streamwijzer.be/wp-content/uploads/*-banner.",
			"isUrlFilterCaseSensitive": false
		}
	},
	{
		"id": 19601,
		"action": {
			"type": "block"
		},
		"condition": {
			"urlFilter": "||te-les-koop.nl/images/B_",
			"isUrlFilterCaseSensitive": false
		}
	},
	{
		"id": 19629,
		"action": {
			"type": "block"
		},
		"condition": {
			"urlFilter": "||tennisplaza.be/wp-content/uploads/*/tennisdirect-",
			"isUrlFilterCaseSensitive": false
		}
	},
	{
		"id": 19682,
		"action": {
			"type": "block"
		},
		"condition": {
			"urlFilter": "||tennisvlaanderen.be/documents/*/19Sponsorblok-",
			"isUrlFilterCaseSensitive": false
		}
	},
	{
		"id": 19732,
		"action": {
			"type": "block"
		},
		"condition": {
			"urlFilter": "||tennisvlaanderen.be/documents/*/21Sponsorblok-",
			"isUrlFilterCaseSensitive": false
		}
	},
	{
		"id": 19782,
		"action": {
			"type": "block"
		},
		"condition": {
			"urlFilter": "||tijd.be/ad/",
			"isUrlFilterCaseSensitive": false
		}
	},
	{
		"id": 19797,
		"action": {
			"type": "block"
		},
		"condition": {
			"urlFilter": "||touretappe.nl/images/xtra/",
			"isUrlFilterCaseSensitive": false
		}
	},
	{
		"id": 19827,
		"action": {
			"type": "block"
		},
		"condition": {
			"urlFilter": "||tpo.nl/broodplank/",
			"isUrlFilterCaseSensitive": false
		}
	},
	{
		"id": 19849,
		"action": {
			"type": "block"
		},
		"condition": {
			"urlFilter": "||tradeidee.nl/banners/",
			"isUrlFilterCaseSensitive": false
		}
	},
	{
		"id": 19874,
		"action": {
			"type": "block"
		},
		"condition": {
			"urlFilter": "||transport-online.nl/site/includes/uploads/banner-",
			"isUrlFilterCaseSensitive": false
		}
	},
	{
		"id": 19927,
		"action": {
			"type": "block"
		},
		"condition": {
			"urlFilter": "||twentefm.nl/directcast/custom/rtvnot/playout/commercials/",
			"isUrlFilterCaseSensitive": false
		}
	},
	{
		"id": 19988,
		"action": {
			"type": "block"
		},
		"condition": {
			"urlFilter": "||uecl-voetbal.nl/derden/",
			"isUrlFilterCaseSensitive": false
		}
	},
	{
		"id": 20015,
		"action": {
			"type": "block"
		},
		"condition": {
			"urlFilter": "||uel-voetbal.nl/derden/",
			"isUrlFilterCaseSensitive": false
		}
	},
	{
		"id": 20041,
		"action": {
			"type": "block"
		},
		"condition": {
			"urlFilter": "||unity.nu^*/Banners/",
			"isUrlFilterCaseSensitive": false
		}
	},
	{
		"id": 20064,
		"action": {
			"type": "block"
		},
		"condition": {
			"urlFilter": "||vagina.nl/fish-hooks/fetch.json",
			"isUrlFilterCaseSensitive": false
		}
	},
	{
		"id": 20099,
		"action": {
			"type": "block"
		},
		"condition": {
			"urlFilter": "||vbro.be/wp-content/uploads/*/autoonderdelen24_",
			"isUrlFilterCaseSensitive": false
		}
	},
	{
		"id": 20149,
		"action": {
			"type": "block"
		},
		"condition": {
			"urlFilter": "||verkeerplaza.nl/js/banner.js",
			"isUrlFilterCaseSensitive": false
		}
	},
	{
		"id": 20181,
		"action": {
			"type": "block"
		},
		"condition": {
			"urlFilter": "||visserijnieuws.nl/images/banners/",
			"isUrlFilterCaseSensitive": false
		}
	},
	{
		"id": 20218,
		"action": {
			"type": "block"
		},
		"condition": {
			"urlFilter": "||vitesse.nl/assets/img/layout/etoro-logo.png",
			"isUrlFilterCaseSensitive": false
		}
	},
	{
		"id": 20265,
		"action": {
			"type": "block"
		},
		"condition": {
			"urlFilter": "||vitesse.nl^*_sponsors_footer.png",
			"isUrlFilterCaseSensitive": false
		}
	},
	{
		"id": 20301,
		"action": {
			"type": "block"
		},
		"condition": {
			"urlFilter": "||vives.nl/wp-content/uploads/*-Banner-",
			"isUrlFilterCaseSensitive": false
		}
	},
	{
		"id": 20342,
		"action": {
			"type": "block"
		},
		"condition": {
			"urlFilter": "||vives.nl/wp-content/uploads/Banner_",
			"isUrlFilterCaseSensitive": false
		}
	},
	{
		"id": 20381,
		"action": {
			"type": "block"
		},
		"condition": {
			"urlFilter": "||voetbalkrant.com/images/pub/",
			"isUrlFilterCaseSensitive": false
		}
	},
	{
		"id": 20413,
		"action": {
			"type": "block"
		},
		"condition": {
			"urlFilter": "||voetbalnederland.nl/img/bravo.gif",
			"isUrlFilterCaseSensitive": false
		}
	},
	{
		"id": 20450,
		"action": {
			"type": "block"
		},
		"condition": {
			"urlFilter": "||voetbalrotterdam.nl/wp-content/uploads/*/soccerdealbanner1170.jpg",
			"isUrlFilterCaseSensitive": false
		}
	},
	{
		"id": 20519,
		"action": {
			"type": "block"
		},
		"condition": {
			"urlFilter": "||volleybal.nl/uploads/images/Banners/",
			"isUrlFilterCaseSensitive": false
		}
	},
	{
		"id": 20559,
		"action": {
			"type": "block"
		},
		"condition": {
			"urlFilter": "||volleybal.nl/uploads/images/Logos/",
			"isUrlFilterCaseSensitive": false
		}
	},
	{
		"id": 20597,
		"action": {
			"type": "block"
		},
		"condition": {
			"urlFilter": "||vtm.be^*-achtergrond-",
			"initiatorDomains": [
				"koken.vtm.be"
			],
			"isUrlFilterCaseSensitive": false
		}
	},
	{
		"id": 20642,
		"action": {
			"type": "block"
		},
		"condition": {
			"urlFilter": "||vtm.be^*-header-",
			"initiatorDomains": [
				"koken.vtm.be"
			],
			"isUrlFilterCaseSensitive": false
		}
	},
	{
		"id": 20682,
		"action": {
			"type": "block"
		},
		"condition": {
			"urlFilter": "||waarzo.nl/imagestore/banners/",
			"isUrlFilterCaseSensitive": false
		}
	},
	{
		"id": 20715,
		"action": {
			"type": "block"
		},
		"condition": {
			"urlFilter": "||waarzo.nl/imagestore/site-banners/",
			"isUrlFilterCaseSensitive": false
		}
	},
	{
		"id": 20753,
		"action": {
			"type": "block"
		},
		"condition": {
			"urlFilter": "||wanttoknow.nl^*Banner",
			"isUrlFilterCaseSensitive": false
		}
	},
	{
		"id": 20778,
		"action": {
			"type": "block"
		},
		"condition": {
			"urlFilter": "||wereldstopcontacten.nl/wp-content/uploads/*/image-aff-nl.jpg",
			"isUrlFilterCaseSensitive": false
		}
	},
	{
		"id": 20842,
		"action": {
			"type": "block"
		},
		"condition": {
			"urlFilter": "||wildfm.nl/wp-content/uploads/*/thumbnail_image002.png",
			"isUrlFilterCaseSensitive": false
		}
	},
	{
		"id": 20899,
		"action": {
			"type": "block"
		},
		"condition": {
			"urlFilter": "||willem-ii.nl/banner/",
			"isUrlFilterCaseSensitive": false
		}
	},
	{
		"id": 20923,
		"action": {
			"type": "block"
		},
		"condition": {
			"urlFilter": "||wp.com/amsterdamactueel.nl/wp-content/uploads/*/728x60_",
			"isUrlFilterCaseSensitive": false
		}
	},
	{
		"id": 20982,
		"action": {
			"type": "block"
		},
		"condition": {
			"urlFilter": "||wp.com/romagazine.nl/14nwsite/wp-content/uploads/2021/07/amstelveen.jpg",
			"isUrlFilterCaseSensitive": false
		}
	},
	{
		"id": 21057,
		"action": {
			"type": "block"
		},
		"condition": {
			"urlFilter": "||wp.com/romagazine.nl/14nwsite/wp-content/uploads/2021/07/Coordinatoromgevingsvergunningen-Rijksoverheid-",
			"isUrlFilterCaseSensitive": false
		}
	},
	{
		"id": 21165,
		"action": {
			"type": "block"
		},
		"condition": {
			"urlFilter": "||wp.com/romagazine.nl/14nwsite/wp-content/uploads/2021/07/enschede.png",
			"isUrlFilterCaseSensitive": false
		}
	},
	{
		"id": 21238,
		"action": {
			"type": "block"
		},
		"condition": {
			"urlFilter": "||wp.com/romagazine.nl/14nwsite/wp-content/uploads/2021/07/rijksoverheid-",
			"isUrlFilterCaseSensitive": false
		}
	},
	{
		"id": 21313,
		"action": {
			"type": "block"
		},
		"condition": {
			"urlFilter": "||wp.com/romagazine.nl/14nwsite/wp-content/uploads/2021/07/seniorprojectleideralmelo.jpg",
			"isUrlFilterCaseSensitive": false
		}
	},
	{
		"id": 21403,
		"action": {
			"type": "block"
		},
		"condition": {
			"urlFilter": "||wp.com/www.appletips.nl/wp-content/uploads/amacdeals.jpg",
			"isUrlFilterCaseSensitive": false
		}
	},
	{
		"id": 21463,
		"action": {
			"type": "block"
		},
		"condition": {
			"urlFilter": "||wp.com/www.appletips.nl/wp-content/uploads/cnmx.png",
			"isUrlFilterCaseSensitive": false
		}
	},
	{
		"id": 21518,
		"action": {
			"type": "block"
		},
		"condition": {
			"urlFilter": "||wp.com/www.appletips.nl/wp-content/uploads/upgreatest1.png",
			"isUrlFilterCaseSensitive": false
		}
	},
	{
		"id": 21580,
		"action": {
			"type": "block"
		},
		"condition": {
			"urlFilter": "||wp.com/www.regionoordkop.nl/wp-content/uploads/*/banner-",
			"isUrlFilterCaseSensitive": false
		}
	},
	{
		"id": 21640,
		"action": {
			"type": "block"
		},
		"condition": {
			"urlFilter": "||wp.com/www.regionoordkop.nl/wp-content/uploads/*/Bdijknov2016336x280.gif",
			"isUrlFilterCaseSensitive": false
		}
	},
	{
		"id": 21716,
		"action": {
			"type": "block"
		},
		"condition": {
			"urlFilter": "||wp.com/www.regionoordkop.nl/wp-content/uploads/*/Costa.jpg",
			"isUrlFilterCaseSensitive": false
		}
	},
	{
		"id": 21778,
		"action": {
			"type": "block"
		},
		"condition": {
			"urlFilter": "||zilverengoudkopen.nl/banners/",
			"isUrlFilterCaseSensitive": false
		}
	},
	{
		"id": 21811,
		"action": {
			"type": "block"
		},
		"condition": {
			"urlFilter": "||zoekhulp.nl/img/bnr-",
			"isUrlFilterCaseSensitive": false
		}
	},
	{
		"id": 21835,
		"action": {
			"type": "block"
		},
		"condition": {
			"urlFilter": "||zwartewaterfm.nl/images/SponsorenZwarteWaterFM.jpg",
			"isUrlFilterCaseSensitive": false
		}
	},
	{
		"priority": 1,
		"id": 21889,
		"action": {
			"type": "allow"
		},
		"condition": {
			"urlFilter": "||advertising-module.api.dpgmedia.cloud/video/",
			"initiatorDomains": [
				"sportnieuws.nl"
			],
			"resourceTypes": [
				"xmlhttprequest"
			],
			"isUrlFilterCaseSensitive": false
		}
	},
	{
		"priority": 1,
		"id": 21976,
		"action": {
			"type": "allow"
		},
		"condition": {
			"urlFilter": "||aka.spotxcdn.com/integration/ados/v1/ados.js",
			"initiatorDomains": [
				"radioluisteren.fm"
			],
			"resourceTypes": [
				"script"
			],
			"isUrlFilterCaseSensitive": false
		}
	},
	{
		"priority": 1,
		"id": 22058,
		"action": {
			"type": "allow"
		},
		"condition": {
			"urlFilter": "||cdn.spotxcdn.com/integration/easi/v1/easi.js",
			"initiatorDomains": [
				"radioluisteren.fm"
			],
			"resourceTypes": [
				"script"
			],
			"isUrlFilterCaseSensitive": false
		}
	},
	{
		"priority": 1,
		"id": 22140,
		"action": {
			"type": "allow"
		},
		"condition": {
			"urlFilter": "||files.skoften.net/website/lib/vjs/plugins/ads/videojs.ads.min.js",
			"domainType": "firstParty",
			"resourceTypes": [
				"script"
			],
			"isUrlFilterCaseSensitive": false
		}
	},
	{
		"priority": 1,
		"id": 22230,
		"action": {
			"type": "allow"
		},
		"condition": {
			"urlFilter": "||imasdk.googleapis.com/js/core/bridge*.html",
			"initiatorDomains": [
				"vtm.be"
			],
			"resourceTypes": [
				"sub_frame"
			],
			"isUrlFilterCaseSensitive": false
		}
	},
	{
		"priority": 1,
		"id": 22304,
		"action": {
			"type": "allow"
		},
		"condition": {
			"urlFilter": "||imasdk.googleapis.com/js/sdkloader/ima3.js",
			"initiatorDomains": [
				"dailybuzz.nl",
				"skoften.net",
				"sportnieuws.nl",
				"vtm.be"
			],
			"isUrlFilterCaseSensitive": false
		}
	},
	{
		"priority": 1,
		"id": 22406,
		"action": {
			"type": "allow"
		},
		"condition": {
			"urlFilter": "||improvedigital.com/pbw/headerlift.min.js",
			"initiatorDomains": [
				"spelletjes.nl"
			],
			"isUrlFilterCaseSensitive": false
		}
	},
	{
		"priority": 1,
		"id": 22473,
		"action": {
			"type": "allow"
		},
		"condition": {
			"urlFilter": "||js.spotx.tv/ados/v1/106185.js",
			"initiatorDomains": [
				"radioluisteren.fm"
			],
			"resourceTypes": [
				"script"
			],
			"isUrlFilterCaseSensitive": false
		}
	},
	{
		"priority": 1,
		"id": 22540,
		"action": {
			"type": "allow"
		},
		"condition": {
			"urlFilter": "||massariuscdn.com/pubs/",
			"initiatorDomains": [
				"dailybuzz.nl",
				"radio.nl",
				"welingelichtekringen.nl"
			],
			"resourceTypes": [
				"script"
			],
			"isUrlFilterCaseSensitive": false
		}
	},
	{
		"priority": 1,
		"id": 22628,
		"action": {
			"type": "allow"
		},
		"condition": {
			"urlFilter": "||search.spotxchange.com/js/spotx.js",
			"initiatorDomains": [
				"radioluisteren.fm"
			],
			"resourceTypes": [
				"script"
			],
			"isUrlFilterCaseSensitive": false
		}
	},
	{
		"priority": 1,
		"id": 22700,
		"action": {
			"type": "allow"
		},
		"condition": {
			"urlFilter": "||sync.search.spotxchange.com/partner?source=easi",
			"initiatorDomains": [
				"radioluisteren.fm"
			],
			"resourceTypes": [
				"image"
			],
			"isUrlFilterCaseSensitive": false
		}
	},
	{
		"priority": 1,
		"id": 22784,
		"action": {
			"type": "allow"
		},
		"condition": {
			"urlFilter": "||tools.vpscash.nl/datingv3/docs/plug_and_play/",
			"initiatorDomains": [
				"flirtmee.nl"
			],
			"resourceTypes": [
				"sub_frame"
			],
			"isUrlFilterCaseSensitive": false
		}
	},
	{
		"priority": 1,
		"id": 22866,
		"action": {
			"type": "allow"
		},
		"condition": {
			"urlFilter": "||adserver.hollandcasino.nl^",
			"initiatorDomains": [
				"onlinecasinoground.nl"
			],
			"resourceTypes": [
				"main_frame"
			],
			"isUrlFilterCaseSensitive": false
		}
	},
	{
		"priority": 1,
		"id": 22933,
		"action": {
			"type": "allow"
		},
		"condition": {
			"urlFilter": "||images.2dehands.com/api/v1/listing-twh-p/images/ad/",
			"initiatorDomains": [
				"2dehands.be"
			],
			"resourceTypes": [
				"image"
			],
			"isUrlFilterCaseSensitive": false
		}
	},
	{
		"priority": 1,
		"id": 23015,
		"action": {
			"type": "allow"
		},
		"condition": {
			"urlFilter": "||showmodeluitverkoop.nl/upload/advertentie/",
			"isUrlFilterCaseSensitive": false
		}
	},
	{
		"priority": 1,
		"id": 23063,
		"action": {
			"type": "allow"
		},
		"condition": {
			"urlFilter": "||sliedrecht24.nl/wp-content/uploads/2022/02/Banner-300x250-1.jpg.webp",
			"isUrlFilterCaseSensitive": false
		}
	},
	{
		"priority": 1,
		"id": 23137,
		"action": {
			"type": "allow"
		},
		"condition": {
			"urlFilter": "||te-les-koop.nl/advertenties.php",
			"isUrlFilterCaseSensitive": false
		}
	},
	{
		"priority": 1,
		"id": 23174,
		"action": {
			"type": "allow"
		},
		"condition": {
			"urlFilter": "||zilverengoudkopen.nl/banners/header.jpg",
			"isUrlFilterCaseSensitive": false
		}
	},
	{
		"priority": 1,
		"id": 23219,
		"action": {
			"type": "allow"
		},
		"condition": {
			"urlFilter": "||zilverengoudkopen.nl/banners/onder.jpg",
			"isUrlFilterCaseSensitive": false
		}
	},
	{
		"priority": 1,
		"id": 23263,
		"action": {
			"type": "allow"
		},
		"condition": {
			"urlFilter": "||vinatera.be/wp-content/uploads/*_300x600.",
			"domainType": "firstParty",
			"resourceTypes": [
				"image"
			],
			"isUrlFilterCaseSensitive": false
		}
	},
	{
		"id": 56197,
		"action": {
			"type": "block"
		},
		"condition": {
			"urlFilter": "||pexi.nl^",
			"domainType": "thirdParty",
			"isUrlFilterCaseSensitive": false
		}
	},
	{
		"id": 56221,
		"action": {
			"type": "block"
		},
		"condition": {
			"urlFilter": "||adconfigproxy.azurewebsites.net^",
			"domainType": "thirdParty",
			"isUrlFilterCaseSensitive": false
		}
	},
	{
		"id": 56676,
		"action": {
			"type": "block"
		},
		"condition": {
			"urlFilter": "||content2.nrc.nl^",
			"isUrlFilterCaseSensitive": false
		}
	},
	{
		"id": 56696,
		"action": {
			"type": "block"
		},
		"condition": {
			"urlFilter": "||aa.tweakers.nl^",
			"isUrlFilterCaseSensitive": false
		}
	},
	{
		"id": 56715,
		"action": {
			"type": "block"
		},
		"condition": {
			"urlFilter": "||ab.tweakers.nl^",
			"isUrlFilterCaseSensitive": false
		}
	},
	{
		"priority": 1,
		"id": 57684,
		"action": {
			"type": "allow"
		},
		"condition": {
			"urlFilter": "/ad_pics/*",
			"initiatorDomains": [
				"computerworld.nl",
				"webwereld.nl"
			],
			"resourceTypes": [
				"image"
			],
			"isUrlFilterCaseSensitive": false
		}
	},
	{
		"priority": 1,
		"id": 57741,
		"action": {
			"type": "allow"
		},
		"condition": {
			"urlFilter": "||tweakers.net/i^",
			"isUrlFilterCaseSensitive": false
		}
	},
	{
		"priority": 1,
		"id": 57762,
		"action": {
			"type": "allow"
		},
		"condition": {
			"urlFilter": "||content.hwigroup.net/images^",
			"initiatorDomains": [
				"hardware.info"
			],
			"isUrlFilterCaseSensitive": false
		}
	},
	{
		"priority": 1,
		"id": 57919,
		"action": {
			"type": "allow"
		},
		"condition": {
			"urlFilter": "/prebid/ad.gif?user=*&adId=",
			"initiatorDomains": [
				"kijk.nl"
			],
			"isUrlFilterCaseSensitive": false
		}
	},
	{
		"priority": 1,
		"id": 57965,
		"action": {
			"type": "allow"
		},
		"condition": {
			"urlFilter": "||ads-talpa.adhese.com/json/",
			"initiatorDomains": [
				"kijk.nl"
			],
			"isUrlFilterCaseSensitive": false
		}
	},
	{
		"id": 58297,
		"action": {
			"type": "redirect",
			"redirect": {
				"extensionPath": "/web-accessible-resources/redirects/noopjs.js"
			}
		},
		"condition": {
			"urlFilter": "||imasdk.googleapis.com/js/sdkloader/ima3.js",
			"initiatorDomains": [
				"goplay.be"
			],
			"resourceTypes": [
				"script"
			],
			"isUrlFilterCaseSensitive": false
		}
	},
	{
		"id": 58445,
		"action": {
			"type": "block"
		},
		"condition": {
			"urlFilter": "||goplay.be/js/sourcepoint/msg?v=",
			"isUrlFilterCaseSensitive": false
		}
	},
	{
		"priority": 1,
		"id": 59202,
		"action": {
			"type": "allow"
		},
		"condition": {
			"urlFilter": "||videoplayer.dpgmedia.net/*/ad_smartads_.js",
			"initiatorDomains": [
				"vtm.be"
			],
			"isUrlFilterCaseSensitive": false
		}
	},
	{
		"id": 59326,
		"action": {
			"type": "block"
		},
		"condition": {
			"urlFilter": "||knack.be/js/responsive/rmgAdCheck.js",
			"isUrlFilterCaseSensitive": false
		}
	},
	{
		"priority": 1,
		"id": 59610,
		"action": {
			"type": "allow"
		},
		"condition": {
			"urlFilter": "||indeleiderstrui.nl/media/",
			"resourceTypes": [
				"image"
			],
			"isUrlFilterCaseSensitive": false
		}
	},
	{
		"priority": 1,
		"id": 59709,
		"action": {
			"type": "allow"
		},
		"condition": {
			"urlFilter": "||videoplayer.persgroep.be/*/ad_smartads_.js",
			"initiatorDomains": [
				"vtm.be"
			],
			"isUrlFilterCaseSensitive": false
		}
	},
	{
		"id": 59771,
		"action": {
			"type": "block"
		},
		"condition": {
			"urlFilter": "||a.medialaancdn.be^",
			"isUrlFilterCaseSensitive": false
		}
	},
	{
		"priority": 1,
		"id": 59855,
		"action": {
			"type": "allow"
		},
		"condition": {
			"urlFilter": "||embed.kijk.nl/talpa-jw-skin/js/adsbygoogle.js",
			"initiatorDomains": [
				"embed.kijk.nl"
			],
			"resourceTypes": [
				"script"
			],
			"isUrlFilterCaseSensitive": false
		}
	},
	{
		"priority": 1,
		"id": 59997,
		"action": {
			"type": "allow"
		},
		"condition": {
			"urlFilter": "||looopings.nl/peel1.js",
			"isUrlFilterCaseSensitive": false
		}
	},
	{
		"priority": 1,
		"id": 60485,
		"action": {
			"type": "allow"
		},
		"condition": {
			"urlFilter": "||static.webwereld.nl/javascripts/advert.js",
			"isUrlFilterCaseSensitive": false
		}
	},
	{
		"priority": 1,
		"id": 60594,
		"action": {
			"type": "allow"
		},
		"condition": {
			"urlFilter": "||v.fwmrm.net/ad/g/1",
			"initiatorDomains": [
				"player.medialaancdn.be",
				"vtm.be"
			],
			"isUrlFilterCaseSensitive": false
		}
	},
	{
		"priority": 1,
		"id": 61180,
		"action": {
			"type": "allow"
		},
		"condition": {
			"urlFilter": "||gamekings.tv/wp-content/themes/*/js/ads.js",
			"isUrlFilterCaseSensitive": false
		}
	},
	{
		"priority": 1,
		"id": 61315,
		"action": {
			"type": "allow"
		},
		"condition": {
			"urlFilter": "||telegraaf.tcdn.nl/javascript/ads/*",
			"domainType": "thirdParty",
			"initiatorDomains": [
				"telegraaf.nl"
			],
			"isUrlFilterCaseSensitive": false
		}
	},
	{
		"priority": 1,
		"id": 61482,
		"action": {
			"type": "allow"
		},
		"condition": {
			"urlFilter": "||static.buienradar.nl/resources/js/advertisement.js",
			"isUrlFilterCaseSensitive": false
		}
	},
	{
		"priority": 1,
		"id": 61603,
		"action": {
			"type": "allow"
		},
		"condition": {
			"urlFilter": "||telegraaf.tcdn.nl/javascript/showads*.js",
			"isUrlFilterCaseSensitive": false
		}
	},
	{
		"id": 67265,
		"action": {
			"type": "block"
		},
		"condition": {
			"urlFilter": "||tweakers.net/*/build/banners.*.js",
			"isUrlFilterCaseSensitive": false
		}
	},
	{
		"id": 67475,
		"action": {
			"type": "block"
		},
		"condition": {
			"urlFilter": "||itnijs.frl/wp-content/uploads/2017/10/bannerItNijs",
			"isUrlFilterCaseSensitive": false
		}
	},
	{
		"id": 68049,
		"action": {
			"type": "block"
		},
		"condition": {
			"urlFilter": "||widget.vpnnederland.nl/VPNNederland-widget.js",
			"initiatorDomains": [
				"nzbserver.com"
			],
			"isUrlFilterCaseSensitive": false
		}
	},
	{
		"id": 68646,
		"action": {
			"type": "block"
		},
		"condition": {
			"urlFilter": "||almere-nieuws.nl/banners_*.html",
			"isUrlFilterCaseSensitive": false
		}
	},
	{
		"id": 68835,
		"action": {
			"type": "block"
		},
		"condition": {
			"urlFilter": "||developers.affiliateprogramma.eu/content-wrapper/general.js",
			"initiatorDomains": [
				"autobahn.eu"
			],
			"isUrlFilterCaseSensitive": false
		}
	},
	{
		"id": 68917,
		"action": {
			"type": "block"
		},
		"condition": {
			"urlFilter": "||cdn.ster.nl/banners^",
			"isUrlFilterCaseSensitive": false
		}
	},
	{
		"id": 69474,
		"action": {
			"type": "block"
		},
		"condition": {
			"urlFilter": "||handbalstartpunt.nl/*/uploads_filemanager/Banner",
			"isUrlFilterCaseSensitive": false
		}
	},
	{
		"id": 69616,
		"action": {
			"type": "block"
		},
		"condition": {
			"urlFilter": "||gic.nl/uploads/fckconnector/",
			"resourceTypes": [
				"image"
			],
			"isUrlFilterCaseSensitive": false
		}
	},
	{
		"id": 69816,
		"action": {
			"type": "block"
		},
		"condition": {
			"urlFilter": "||nnieuws.be/sites/default/files/banner-*.gif",
			"isUrlFilterCaseSensitive": false
		}
	},
	{
		"id": 69863,
		"action": {
			"type": "block"
		},
		"condition": {
			"urlFilter": "||nnieuws.be/sites/default/files/*-300x300*.gif",
			"isUrlFilterCaseSensitive": false
		}
	},
	{
		"id": 69912,
		"action": {
			"type": "block"
		},
		"condition": {
			"urlFilter": "||oozo.nl/images/zzpbanner.png",
			"isUrlFilterCaseSensitive": false
		}
	},
	{
		"id": 70617,
		"action": {
			"type": "block"
		},
		"condition": {
			"urlFilter": "||mediareader.omroepwest.nl/gaslicht^",
			"isUrlFilterCaseSensitive": false
		}
	},
	{
		"id": 70656,
		"action": {
			"type": "block"
		},
		"condition": {
			"urlFilter": "||unity.nu/media/*/BANNERS/",
			"isUrlFilterCaseSensitive": false
		}
	},
	{
		"id": 70685,
		"action": {
			"type": "block"
		},
		"condition": {
			"urlFilter": "||topomania.net/sites/topomania.net/images/pacnum-promo.png",
			"isUrlFilterCaseSensitive": false
		}
	},
	{
		"id": 70781,
		"action": {
			"type": "block"
		},
		"condition": {
			"urlFilter": "||pornozot.com/js/compiled/exo-",
			"isUrlFilterCaseSensitive": false
		}
	},
	{
		"id": 70814,
		"action": {
			"type": "block"
		},
		"condition": {
			"urlFilter": "||pornozot.com/js/compiled/custom-vendor.js",
			"isUrlFilterCaseSensitive": false
		}
	},
	{
		"id": 71125,
		"action": {
			"type": "block"
		},
		"condition": {
			"urlFilter": "||iframe.gsminfo.nl/*/populair-beknopt^",
			"initiatorDomains": [
				"allaboutphones.nl"
			],
			"isUrlFilterCaseSensitive": false
		}
	},
	{
		"id": 72233,
		"action": {
			"type": "block"
		},
		"condition": {
			"urlFilter": "||bs.serving-sys.com/BurstingPipe/adServer.bs",
			"initiatorDomains": [
				"kijk.nl"
			],
			"isUrlFilterCaseSensitive": false
		}
	},
	{
		"id": 72295,
		"action": {
			"type": "block"
		},
		"condition": {
			"urlFilter": "||cdn.sbsnet.nl/creatives/assets/*.mp4",
			"initiatorDomains": [
				"kijk.nl"
			],
			"isUrlFilterCaseSensitive": false
		}
	},
	{
		"id": 72350,
		"action": {
			"type": "block"
		},
		"condition": {
			"urlFilter": "||d33t3vvu2t2yu5.cloudfront.net^",
			"initiatorDomains": [
				"nl.express.live"
			],
			"isUrlFilterCaseSensitive": false
		}
	},
	{
		"id": 72407,
		"action": {
			"type": "block"
		},
		"condition": {
			"urlFilter": "||diomerc.com/baner/",
			"isUrlFilterCaseSensitive": false
		}
	},
	{
		"id": 72429,
		"action": {
			"type": "block"
		},
		"condition": {
			"urlFilter": "||m.telegraaf.nl/static/lib/bva-widget.html?without-raid",
			"isUrlFilterCaseSensitive": false
		}
	},
	{
		"id": 72487,
		"action": {
			"type": "block"
		},
		"condition": {
			"urlFilter": "||pcnltelecom.tdsapi.com/portal/iframe.js",
			"isUrlFilterCaseSensitive": false
		}
	},
	{
		"id": 72530,
		"action": {
			"type": "block"
		},
		"condition": {
			"urlFilter": "||serving-sys.com/*.mp4^",
			"initiatorDomains": [
				"kijk.nl"
			],
			"isUrlFilterCaseSensitive": false
		}
	},
	{
		"id": 72571,
		"action": {
			"type": "block"
		},
		"condition": {
			"urlFilter": "||totaaltv.nl/upload/Banner-sep-astrasat.gif",
			"isUrlFilterCaseSensitive": false
		}
	},
	{
		"priority": 1,
		"id": 73401,
		"action": {
			"type": "allow"
		},
		"condition": {
			"urlFilter": "||markup.nieuwsblad.be/extra/assets/advertising/dfp-setup.js",
			"isUrlFilterCaseSensitive": false
		}
	},
	{
		"priority": 1,
		"id": 73465,
		"action": {
			"type": "allow"
		},
		"condition": {
			"urlFilter": "||markup.nieuwsblad.be/extra/assets/advertising/prebid.js",
			"isUrlFilterCaseSensitive": false
		}
	},
	{
		"id": 73526,
		"action": {
			"type": "redirect",
			"redirect": {
				"extensionPath": "/web-accessible-resources/redirects/googletagservices-gpt.js"
			}
		},
		"condition": {
			"urlFilter": "||securepubads.g.doubleclick.net/tag/js/gpt.js",
			"initiatorDomains": [
				"nieuwsblad.be"
			],
			"resourceTypes": [
				"script"
			],
			"isUrlFilterCaseSensitive": false
		}
	},
	{
		"priority": 1,
		"id": 73695,
		"action": {
			"type": "allow"
		},
		"condition": {
			"urlFilter": "||securepubads.g.doubleclick.net/gpt/pubads_impl_*.js",
			"initiatorDomains": [
				"standaard.be"
			],
			"isUrlFilterCaseSensitive": false
		}
	},
	{
		"priority": 1,
		"id": 73772,
		"action": {
			"type": "allow"
		},
		"condition": {
			"urlFilter": "||securepubads.g.doubleclick.net/tag/js/gpt.js",
			"initiatorDomains": [
				"standaard.be"
			],
			"isUrlFilterCaseSensitive": false
		}
	},
	{
		"priority": 1,
		"id": 73842,
		"action": {
			"type": "allow"
		},
		"condition": {
			"urlFilter": "||markup.standaard.be/extra/assets/advertising/dfp-setup.js",
			"isUrlFilterCaseSensitive": false
		}
	},
	{
		"priority": 1,
		"id": 73905,
		"action": {
			"type": "allow"
		},
		"condition": {
			"urlFilter": "||markup.standaard.be/extra/assets/advertising/prebid.js",
			"isUrlFilterCaseSensitive": false
		}
	},
	{
		"priority": 1,
		"id": 74027,
		"action": {
			"type": "allow"
		},
		"condition": {
			"urlFilter": "||player.ooyala.com/static/*/ad-plugin/",
			"initiatorDomains": [
				"qmusic.nl"
			],
			"isUrlFilterCaseSensitive": false
		}
	},
	{
		"priority": 1,
		"id": 74149,
		"action": {
			"type": "allow"
		},
		"condition": {
			"urlFilter": "||kpn.com^",
			"domainType": "thirdParty",
			"isUrlFilterCaseSensitive": false
		}
	},
	{
		"priority": 1,
		"id": 74416,
		"action": {
			"type": "allow"
		},
		"condition": {
			"urlFilter": "||media.boomads.com/images^",
			"initiatorDomains": [
				"telegraaf.nl"
			],
			"isUrlFilterCaseSensitive": false
		}
	},
	{
		"priority": 1,
		"id": 74531,
		"action": {
			"type": "allow"
		},
		"condition": {
			"urlFilter": "||cdn-static.liverail.com/swf/",
			"initiatorDomains": [
				"dumpert.nl"
			],
			"isUrlFilterCaseSensitive": false
		}
	},
	{
		"priority": 1,
		"id": 74583,
		"action": {
			"type": "allow"
		},
		"condition": {
			"urlFilter": "||cdn-static.liverail.com/crossdomain.xml",
			"initiatorDomains": [
				"dumpert.nl"
			],
			"isUrlFilterCaseSensitive": false
		}
	},
	{
		"priority": 1,
		"id": 74694,
		"action": {
			"type": "allow"
		},
		"condition": {
			"urlFilter": "||publiekeomroep.nl^",
			"initiatorDomains": [
				"cinema.nl"
			],
			"resourceTypes": [
				"stylesheet",
				"script"
			],
			"isUrlFilterCaseSensitive": false
		}
	}
]